Route_ID,Airline_ID
1,20565
2,20565
3,2548
4,2548
5,2548
6,2548
7,2548
8,2548
9,2548
10,2548
11,2548
12,2548
13,2548
14,2548
15,2548
16,2548
17,2548
18,2548
19,2548
20,2548
21,2548
22,2548
23,2548
24,2548
25,2548
26,2548
27,2548
28,2548
29,2548
30,2548
31,2548
32,2548
33,2548
34,2548
35,2548
36,2548
37,2548
38,2548
39,2548
40,2548
41,2548
42,2548
43,2548
44,2548
45,2548
46,2548
47,2548
48,2548
49,2548
50,2548
51,2548
52,2548
53,2548
54,2548
55,2548
56,2548
57,2548
58,2548
59,2548
60,2548
61,2548
62,2548
63,2548
64,2548
65,2548
66,2548
67,2548
68,2548
69,2548
70,2548
71,2548
72,2548
73,2548
74,2548
75,2548
76,2548
77,2548
78,2548
79,2548
80,2548
81,2548
82,2548
83,2548
84,2548
85,2548
86,2548
87,2548
88,2548
89,2548
90,2548
91,2548
92,2548
93,2548
94,2548
95,1203
96,1203
97,1203
98,1203
99,1203
100,1203
101,1203
102,1203
103,1203
104,1203
105,1203
106,1203
107,1203
108,1203
109,24
110,24
111,24
112,24
113,24
114,24
115,24
116,24
117,24
118,24
119,24
120,24
121,24
122,24
123,24
124,24
125,24
126,24
127,24
128,24
129,24
130,24
131,24
132,24
133,24
134,24
135,24
136,24
137,24
138,24
139,24
140,24
141,24
142,24
143,24
144,24
145,24
146,24
147,24
148,24
149,24
150,24
151,24
152,24
153,24
154,24
155,24
156,24
157,24
158,24
159,24
160,24
161,24
162,24
163,24
164,24
165,24
166,24
167,24
168,24
169,24
170,24
171,24
172,24
173,24
174,24
175,24
176,24
177,24
178,24
179,24
180,24
181,24
182,24
183,24
184,24
185,24
186,24
187,24
188,24
189,24
190,24
191,24
192,24
193,24
194,24
195,24
196,24
197,24
198,24
199,24
200,24
201,24
202,24
203,24
204,24
205,24
206,24
207,24
208,24
209,24
210,24
211,24
212,24
213,24
214,24
215,24
216,24
217,24
218,24
219,24
220,24
221,24
222,24
223,24
224,24
225,24
226,24
227,24
228,24
229,24
230,24
231,24
232,24
233,24
234,24
235,24
236,24
237,24
238,24
239,24
240,24
241,24
242,24
243,24
244,24
245,24
246,24
247,24
248,24
249,24
250,24
251,24
252,24
253,24
254,24
255,24
256,24
257,24
258,24
259,24
260,24
261,24
262,24
263,24
264,24
265,24
266,24
267,24
268,24
269,24
270,24
271,24
272,24
273,24
274,24
275,24
276,24
277,24
278,24
279,24
280,24
281,24
282,24
283,24
284,24
285,24
286,24
287,24
288,24
289,24
290,24
291,24
292,24
293,24
294,24
295,24
296,24
297,24
298,24
299,24
300,24
301,24
302,24
303,24
304,24
305,24
306,24
307,24
308,24
309,24
310,24
311,24
312,24
313,214
314,214
315,214
316,214
317,214
318,214
319,214
320,214
321,214
322,214
323,214
324,214
325,214
326,214
327,214
328,214
329,214
330,214
331,214
332,214
333,214
334,214
335,214
336,214
337,214
338,214
339,214
340,214
341,214
342,214
343,214
344,214
345,214
346,214
347,214
348,214
349,214
350,214
351,214
352,214
353,214
354,214
355,214
356,214
357,214
358,214
359,214
360,214
361,214
362,214
363,214
364,214
365,214
366,214
367,214
368,214
369,214
370,214
371,214
372,214
373,214
374,214
375,214
376,214
377,214
378,214
379,214
380,214
381,214
382,214
383,214
384,214
385,214
386,214
387,214
388,214
389,214
390,214
391,214
392,214
393,214
394,214
395,214
396,214
397,214
398,214
399,214
400,214
401,214
402,214
403,214
404,214
405,214
406,214
407,214
408,214
409,214
410,214
411,214
412,214
413,214
414,214
415,214
416,214
417,214
418,214
419,214
420,214
421,214
422,214
423,214
424,214
425,214
426,214
427,214
428,214
429,214
430,214
431,214
432,214
433,214
434,214
435,214
436,214
437,214
438,214
439,214
440,214
441,214
442,214
443,214
444,214
445,214
446,214
447,214
448,214
449,214
450,214
451,214
452,214
453,214
454,214
455,214
456,214
457,214
458,214
459,214
460,214
461,214
462,214
463,214
464,214
465,214
466,214
467,214
468,214
469,214
470,214
471,214
472,214
473,214
474,214
475,214
476,214
477,214
478,214
479,214
480,214
481,214
482,214
483,214
484,214
485,214
486,214
487,214
488,214
489,214
490,214
491,214
492,214
493,214
494,214
495,214
496,214
497,214
498,214
499,214
500,214
501,214
502,214
503,214
504,214
505,214
506,214
507,214
508,214
509,214
510,214
511,214
512,214
513,214
514,214
515,214
516,214
517,214
518,214
519,214
520,214
521,214
522,214
523,214
524,214
525,214
526,214
527,214
528,214
529,214
530,214
531,214
532,214
533,214
534,214
535,330
536,330
537,330
538,330
539,330
540,330
541,330
542,330
543,330
544,330
545,330
546,330
547,330
548,330
549,137
550,137
551,137
552,137
553,137
554,137
555,137
556,137
557,137
558,137
559,137
560,137
561,137
562,137
563,137
564,137
565,137
566,137
567,137
568,137
569,137
570,137
571,137
572,137
573,137
574,137
575,137
576,137
577,137
578,137
579,137
580,137
581,137
582,137
583,137
584,137
585,137
586,137
587,137
588,137
589,137
590,137
591,137
592,137
593,137
594,137
595,137
596,137
597,137
598,137
599,137
600,137
601,137
602,137
603,137
604,137
605,137
606,137
607,137
608,137
609,137
610,137
611,137
612,137
613,137
614,137
615,137
616,137
617,137
618,137
619,137
620,137
621,137
622,137
623,137
624,137
625,137
626,137
627,137
628,137
629,137
630,137
631,137
632,137
633,137
634,137
635,137
636,137
637,137
638,137
639,137
640,137
641,137
642,137
643,137
644,137
645,137
646,137
647,137
648,137
649,137
650,137
651,137
652,137
653,137
654,137
655,137
656,137
657,137
658,137
659,137
660,137
661,137
662,137
663,137
664,137
665,137
666,137
667,137
668,137
669,137
670,137
671,137
672,137
673,137
674,137
675,137
676,137
677,137
678,137
679,137
680,137
681,137
682,137
683,137
684,137
685,137
686,137
687,137
688,137
689,137
690,137
691,137
692,137
693,137
694,137
695,137
696,137
697,137
698,137
699,137
700,137
701,137
702,137
703,137
704,137
705,137
706,137
707,137
708,137
709,137
710,137
711,137
712,137
713,137
714,137
715,137
716,137
717,137
718,137
719,137
720,137
721,137
722,137
723,137
724,137
725,137
726,137
727,137
728,137
729,137
730,137
731,137
732,137
733,137
734,137
735,137
736,137
737,137
738,137
739,137
740,137
741,137
742,137
743,218
744,218
745,321
746,321
747,321
748,321
749,321
750,321
751,321
752,321
753,321
754,321
755,321
756,321
757,321
758,321
759,321
760,321
761,321
762,321
763,321
764,240
765,240
766,240
767,240
768,240
769,240
770,240
771,240
772,240
773,240
774,240
775,240
776,240
777,240
778,240
779,240
780,240
781,240
782,240
783,240
784,240
785,240
786,439
787,439
788,439
789,439
790,439
791,439
792,439
793,439
794,439
795,439
796,439
797,439
798,439
799,439
800,439
801,439
802,439
803,439
804,439
805,439
806,439
807,439
808,439
809,439
810,439
811,439
812,439
813,439
814,439
815,439
816,439
817,439
818,439
819,439
820,439
821,439
822,439
823,439
824,4248
825,2350
826,2350
827,2350
828,2350
829,2350
830,2350
831,2350
832,2350
833,2350
834,2350
835,2350
836,2350
837,2350
838,2350
839,2350
840,2350
841,2350
842,2350
843,2350
844,2350
845,2350
846,2350
847,2350
848,2350
849,2350
850,2350
851,2350
852,2350
853,2350
854,2350
855,2350
856,2350
857,2350
858,2350
859,2350
860,2350
861,2350
862,2350
863,2350
864,2350
865,2350
866,2350
867,2350
868,2350
869,2350
870,2350
871,2350
872,2350
873,2350
874,2350
875,2350
876,2350
877,2350
878,2350
879,2350
880,2350
881,2350
882,2350
883,2350
884,2350
885,2350
886,2350
887,2350
888,2350
889,2350
890,2350
891,2350
892,2350
893,2350
894,2350
895,2350
896,2350
897,2350
898,2350
899,2350
900,2350
901,2350
902,2350
903,2350
904,2350
905,2350
906,2350
907,2350
908,2350
909,2350
910,2350
911,2350
912,2350
913,2350
914,2350
915,2350
916,2350
917,2350
918,2350
919,2350
920,2350
921,2350
922,2350
923,2350
924,2350
925,2350
926,2350
927,2350
928,2350
929,2350
930,2350
931,2350
932,2350
933,2350
934,2350
935,2350
936,2350
937,2350
938,2350
939,2350
940,2350
941,2350
942,2350
943,2350
944,2350
945,2350
946,2350
947,2350
948,2350
949,2350
950,2350
951,2350
952,2350
953,2350
954,2350
955,2350
956,2350
957,2350
958,2350
959,2350
960,2350
961,2350
962,2350
963,2350
964,2350
965,2350
966,2350
967,2350
968,2350
969,2350
970,2350
971,2350
972,2350
973,2350
974,2350
975,2350
976,2350
977,2350
978,2350
979,2350
980,2350
981,2350
982,2350
983,2350
984,2350
985,2350
986,2350
987,2350
988,2350
989,2350
990,596
991,596
992,596
993,596
994,596
995,596
996,596
997,596
998,596
999,596
1000,596
1001,596
1002,596
1003,596
1004,596
1005,596
1006,596
1007,596
1008,596
1009,596
1010,596
1011,596
1012,596
1013,596
1014,596
1015,596
1016,596
1017,596
1018,596
1019,596
1020,596
1021,596
1022,596
1023,596
1024,596
1025,596
1026,596
1027,596
1028,596
1029,596
1030,596
1031,596
1032,596
1033,596
1034,596
1035,596
1036,596
1037,596
1038,596
1039,596
1040,596
1041,596
1042,596
1043,596
1044,596
1045,596
1046,596
1047,596
1048,596
1049,596
1050,596
1051,596
1052,596
1053,596
1054,596
1055,596
1056,596
1057,596
1058,596
1059,596
1060,596
1061,596
1062,596
1063,596
1064,596
1065,596
1066,596
1067,596
1068,596
1069,596
1070,596
1071,596
1072,596
1073,596
1074,596
1075,596
1076,596
1077,596
1078,596
1079,596
1080,596
1081,596
1082,596
1083,596
1084,596
1085,596
1086,596
1087,596
1088,596
1089,596
1090,596
1091,596
1092,596
1093,596
1094,596
1095,596
1096,596
1097,596
1098,596
1099,596
1100,596
1101,596
1102,596
1103,596
1104,596
1105,596
1106,596
1107,596
1108,596
1109,596
1110,596
1111,596
1112,596
1113,596
1114,596
1115,596
1116,596
1117,596
1118,596
1119,596
1120,596
1121,596
1122,596
1123,596
1124,596
1125,596
1126,596
1127,596
1128,596
1129,596
1130,596
1131,596
1132,596
1133,596
1134,596
1135,596
1136,596
1137,596
1138,596
1139,596
1140,596
1141,596
1142,596
1143,596
1144,596
1145,596
1146,596
1147,596
1148,596
1149,596
1150,596
1151,596
1152,596
1153,596
1154,596
1155,596
1156,596
1157,596
1158,596
1159,596
1160,596
1161,596
1162,596
1163,596
1164,596
1165,596
1166,596
1167,596
1168,596
1169,596
1170,596
1171,596
1172,596
1173,596
1174,596
1175,596
1176,596
1177,596
1178,596
1179,596
1180,596
1181,596
1182,596
1183,596
1184,596
1185,596
1186,596
1187,596
1188,596
1189,596
1190,3029
1191,3029
1192,3029
1193,3029
1194,3029
1195,3029
1196,3029
1197,3029
1198,3029
1199,3029
1200,3029
1201,3029
1202,3029
1203,3029
1204,3029
1205,3029
1206,1355
1207,1355
1208,1355
1209,1355
1210,1355
1211,1355
1212,1355
1213,1355
1214,1355
1215,1355
1216,1355
1217,1355
1218,1355
1219,1355
1220,1355
1221,1355
1222,1355
1223,1355
1224,1355
1225,1355
1226,1355
1227,1355
1228,1355
1229,1355
1230,1355
1231,1355
1232,1355
1233,1355
1234,1355
1235,1355
1236,1355
1237,1355
1238,1355
1239,1355
1240,1355
1241,1355
1242,1355
1243,1355
1244,1355
1245,1355
1246,1355
1247,1355
1248,1355
1249,1355
1250,1355
1251,1355
1252,1355
1253,1355
1254,1355
1255,1355
1256,1355
1257,1355
1258,1355
1259,1355
1260,1355
1261,1355
1262,1355
1263,1355
1264,1355
1265,1355
1266,1355
1267,1355
1268,1355
1269,1355
1270,1355
1271,1355
1272,1355
1273,1355
1274,1355
1275,1355
1276,1355
1277,1355
1278,1355
1279,1355
1280,1355
1281,1355
1282,1355
1283,1355
1284,1355
1285,1355
1286,1355
1287,1355
1288,1355
1289,1355
1290,1355
1291,1355
1292,1355
1293,1355
1294,1355
1295,1355
1296,1355
1297,1355
1298,1355
1299,1355
1300,1355
1301,1355
1302,1355
1303,1355
1304,1355
1305,1355
1306,1355
1307,1355
1308,1355
1309,1355
1310,1355
1311,1355
1312,1355
1313,1355
1314,1355
1315,1355
1316,1355
1317,1355
1318,1355
1319,1355
1320,1355
1321,1355
1322,1355
1323,1355
1324,1355
1325,1355
1326,1355
1327,1355
1328,1355
1329,1355
1330,1355
1331,1355
1332,1355
1333,1355
1334,1355
1335,1355
1336,1355
1337,1355
1338,1355
1339,1355
1340,1355
1341,1355
1342,1355
1343,1355
1344,1355
1345,1355
1346,1355
1347,1355
1348,1355
1349,1355
1350,1355
1351,1355
1352,1355
1353,1355
1354,1355
1355,1355
1356,1355
1357,1355
1358,1355
1359,1355
1360,1355
1361,1355
1362,1355
1363,1355
1364,1355
1365,1355
1366,1355
1367,1355
1368,1355
1369,1355
1370,1355
1371,1355
1372,1355
1373,1355
1374,1355
1375,1355
1376,1355
1377,1355
1378,1355
1379,1355
1380,1355
1381,1355
1382,1355
1383,1355
1384,1355
1385,1355
1386,1355
1387,1355
1388,1355
1389,1355
1390,1355
1391,1355
1392,1355
1393,1355
1394,1355
1395,1355
1396,1355
1397,1355
1398,1355
1399,1355
1400,1355
1401,1355
1402,1355
1403,2421
1404,2421
1405,2421
1406,2421
1407,2421
1408,2421
1409,2421
1410,2421
1411,2421
1412,2421
1413,2421
1414,2421
1415,2421
1416,2421
1417,2421
1418,2421
1419,2421
1420,2421
1421,2421
1422,2421
1423,2421
1424,2421
1425,2421
1426,2421
1427,2421
1428,2421
1429,1359
1430,1359
1431,3740
1432,312
1433,312
1434,333
1435,333
1436,333
1437,333
1438,333
1439,333
1440,333
1441,333
1442,333
1443,333
1444,333
1445,333
1446,333
1447,333
1448,333
1449,333
1450,333
1451,333
1452,333
1453,333
1454,333
1455,333
1456,333
1457,333
1458,333
1459,333
1460,333
1461,333
1462,333
1463,333
1464,333
1465,333
1466,333
1467,333
1468,333
1469,333
1470,333
1471,333
1472,333
1473,333
1474,333
1475,333
1476,333
1477,333
1478,333
1479,333
1480,333
1481,333
1482,333
1483,333
1484,333
1485,333
1486,333
1487,333
1488,333
1489,333
1490,333
1491,333
1492,1463
1493,1463
1494,1463
1495,1463
1496,751
1497,751
1498,751
1499,751
1500,751
1501,751
1502,751
1503,751
1504,1756
1505,1756
1506,1756
1507,1756
1508,1756
1509,1756
1510,1756
1511,1756
1512,1680
1513,1680
1514,1942
1515,1942
1516,1942
1517,1942
1518,1942
1519,1942
1520,1942
1521,1942
1522,1942
1523,1942
1524,1942
1525,1942
1526,1942
1527,1942
1528,1942
1529,1868
1530,1868
1531,1868
1532,1868
1533,1868
1534,1868
1535,1868
1536,1868
1537,1868
1538,1868
1539,1868
1540,1868
1541,1868
1542,1868
1543,1868
1544,1868
1545,1868
1546,1868
1547,1868
1548,1868
1549,1868
1550,1868
1551,1868
1552,1868
1553,1868
1554,1868
1555,1868
1556,1868
1557,1868
1558,1868
1559,1868
1560,1868
1561,1868
1562,2009
1563,2009
1564,2009
1565,2009
1566,2009
1567,2009
1568,2009
1569,2009
1570,2009
1571,2009
1572,2009
1573,2009
1574,2009
1575,2009
1576,2009
1577,2009
1578,2009
1579,2009
1580,2009
1581,2009
1582,2009
1583,2009
1584,2009
1585,2009
1586,2009
1587,2009
1588,2009
1589,2009
1590,2009
1591,2009
1592,2009
1593,2009
1594,2009
1595,2009
1596,2009
1597,2009
1598,2009
1599,2009
1600,2009
1601,2009
1602,2009
1603,2009
1604,2009
1605,2009
1606,2009
1607,2009
1608,2009
1609,2009
1610,2009
1611,2009
1612,2009
1613,2009
1614,2009
1615,2009
1616,2009
1617,2009
1618,2009
1619,2009
1620,2009
1621,2009
1622,2009
1623,2009
1624,2009
1625,2009
1626,2009
1627,2009
1628,2009
1629,2009
1630,2009
1631,2009
1632,2009
1633,2009
1634,2009
1635,2009
1636,2009
1637,2009
1638,2009
1639,2009
1640,2009
1641,2009
1642,2009
1643,2009
1644,2009
1645,2009
1646,2009
1647,2009
1648,2009
1649,2009
1650,2009
1651,2009
1652,2009
1653,2009
1654,2009
1655,2009
1656,2009
1657,2009
1658,2009
1659,2009
1660,2009
1661,2009
1662,2009
1663,2009
1664,2009
1665,2009
1666,2009
1667,2009
1668,2009
1669,2009
1670,2009
1671,2009
1672,2009
1673,2009
1674,2009
1675,2009
1676,2009
1677,2009
1678,2009
1679,2009
1680,2009
1681,2009
1682,2009
1683,2009
1684,2009
1685,2009
1686,2009
1687,2009
1688,2009
1689,2009
1690,2009
1691,2009
1692,2009
1693,2009
1694,2009
1695,2009
1696,2009
1697,2009
1698,2009
1699,2009
1700,1954
1701,1954
1702,3737
1703,3737
1704,3737
1705,3737
1706,3737
1707,3737
1708,3737
1709,3737
1710,3737
1711,3737
1712,3737
1713,3737
1714,3737
1715,3737
1716,3737
1717,3737
1718,3737
1719,3737
1720,3737
1721,3737
1722,3737
1723,3737
1724,3737
1725,3737
1726,3737
1727,3737
1728,3737
1729,3737
1730,3737
1731,3737
1732,3737
1733,3737
1734,3737
1735,3737
1736,3737
1737,3737
1738,3737
1739,3737
1740,3737
1741,3737
1742,3737
1743,3737
1744,3737
1745,3737
1746,3737
1747,3737
1748,3737
1749,3737
1750,3737
1751,3737
1752,3737
1753,3737
1754,3737
1755,3737
1756,3737
1757,3737
1758,3737
1759,3737
1760,3737
1761,3737
1762,3737
1763,3737
1764,3737
1765,3737
1766,3737
1767,3737
1768,3737
1769,3737
1770,3737
1771,3737
1772,3737
1773,3737
1774,3737
1775,3737
1776,3737
1777,3737
1778,3737
1779,3737
1780,3737
1781,3737
1782,3737
1783,3737
1784,3737
1785,3737
1786,3737
1787,3737
1788,3737
1789,3737
1790,3737
1791,3737
1792,3737
1793,3737
1794,3737
1795,3737
1796,3737
1797,3737
1798,3737
1799,3737
1800,3737
1801,3737
1802,3737
1803,3737
1804,3737
1805,3737
1806,3737
1807,3737
1808,3737
1809,3737
1810,3737
1811,3737
1812,3737
1813,3737
1814,3737
1815,3737
1816,3737
1817,3737
1818,3737
1819,3737
1820,3737
1821,3737
1822,3737
1823,3737
1824,3737
1825,3737
1826,3737
1827,3737
1828,3737
1829,3737
1830,3737
1831,3737
1832,3737
1833,3737
1834,3737
1835,3737
1836,3737
1837,3737
1838,3737
1839,3737
1840,3737
1841,3737
1842,3737
1843,3737
1844,3737
1845,3737
1846,3737
1847,3737
1848,3737
1849,3737
1850,3737
1851,3737
1852,3737
1853,3737
1854,3737
1855,3737
1856,3737
1857,3737
1858,3737
1859,3737
1860,3737
1861,3737
1862,3737
1863,3737
1864,3737
1865,3737
1866,3737
1867,3737
1868,3737
1869,3737
1870,3737
1871,3737
1872,3737
1873,3737
1874,3737
1875,3737
1876,3737
1877,3737
1878,3737
1879,3737
1880,3737
1881,3737
1882,3737
1883,3737
1884,3737
1885,3737
1886,3737
1887,3737
1888,3737
1889,3737
1890,3737
1891,3737
1892,3737
1893,3737
1894,3737
1895,3737
1896,3737
1897,3737
1898,3737
1899,3737
1900,3737
1901,3737
1902,3737
1903,3737
1904,3737
1905,3737
1906,3737
1907,3737
1908,\N
1909,837
1910,837
1911,837
1912,837
1913,837
1914,837
1915,837
1916,837
1917,837
1918,837
1919,837
1920,837
1921,837
1922,837
1923,837
1924,837
1925,837
1926,837
1927,837
1928,837
1929,837
1930,837
1931,837
1932,837
1933,837
1934,837
1935,837
1936,837
1937,837
1938,837
1939,837
1940,837
1941,837
1942,837
1943,837
1944,837
1945,837
1946,837
1947,837
1948,837
1949,837
1950,837
1951,837
1952,837
1953,837
1954,837
1955,837
1956,837
1957,837
1958,837
1959,837
1960,837
1961,837
1962,837
1963,837
1964,837
1965,837
1966,837
1967,837
1968,837
1969,837
1970,837
1971,837
1972,837
1973,837
1974,837
1975,837
1976,837
1977,837
1978,837
1979,837
1980,837
1981,837
1982,837
1983,837
1984,837
1985,837
1986,837
1987,837
1988,837
1989,837
1990,837
1991,837
1992,837
1993,837
1994,837
1995,837
1996,837
1997,837
1998,837
1999,837
2000,837
2001,837
2002,837
2003,837
2004,837
2005,837
2006,837
2007,837
2008,837
2009,837
2010,837
2011,837
2012,837
2013,837
2014,837
2015,837
2016,837
2017,837
2018,837
2019,837
2020,837
2021,837
2022,837
2023,837
2024,837
2025,837
2026,837
2027,837
2028,837
2029,837
2030,837
2031,837
2032,837
2033,837
2034,837
2035,837
2036,837
2037,837
2038,837
2039,837
2040,837
2041,837
2042,837
2043,2183
2044,2183
2045,2183
2046,2183
2047,807
2048,807
2049,2220
2050,2220
2051,2220
2052,2220
2053,2220
2054,2220
2055,2220
2056,2220
2057,2220
2058,2220
2059,2220
2060,2220
2061,2220
2062,2220
2063,2220
2064,2220
2065,2220
2066,2220
2067,2220
2068,2220
2069,2220
2070,2220
2071,2220
2072,2220
2073,2220
2074,2220
2075,2220
2076,2220
2077,2220
2078,2220
2079,2220
2080,2220
2081,2220
2082,2220
2083,2220
2084,2220
2085,2220
2086,2220
2087,2220
2088,2220
2089,2220
2090,2220
2091,2220
2092,2220
2093,2220
2094,2220
2095,2220
2096,2220
2097,2220
2098,2220
2099,2220
2100,2260
2101,2222
2102,2222
2103,2222
2104,2222
2105,2222
2106,2222
2107,2222
2108,2222
2109,2222
2110,2222
2111,2222
2112,2222
2113,2222
2114,2222
2115,2222
2116,2222
2117,2222
2118,2468
2119,2468
2120,2468
2121,2468
2122,2468
2123,2468
2124,2468
2125,2468
2126,2468
2127,2468
2128,2468
2129,2468
2130,2468
2131,2468
2132,1548
2133,1548
2134,1548
2135,1548
2136,1548
2137,1548
2138,1548
2139,1548
2140,1548
2141,1548
2142,1548
2143,1548
2144,1548
2145,1548
2146,1548
2147,1548
2148,1548
2149,1548
2150,1548
2151,1548
2152,1548
2153,1548
2154,1548
2155,1548
2156,1548
2157,1548
2158,1548
2159,1548
2160,1548
2161,1548
2162,1548
2163,1548
2164,1548
2165,1548
2166,1548
2167,1548
2168,1548
2169,1548
2170,1548
2171,1548
2172,1548
2173,1548
2174,1316
2175,1316
2176,1316
2177,1316
2178,1316
2179,1316
2180,1316
2181,1316
2182,1316
2183,1316
2184,1316
2185,1316
2186,1316
2187,1316
2188,1316
2189,1316
2190,1316
2191,1316
2192,1316
2193,1316
2194,1316
2195,1316
2196,4296
2197,4296
2198,4296
2199,4296
2200,4296
2201,4296
2202,4296
2203,4296
2204,4296
2205,4296
2206,4296
2207,4296
2208,4296
2209,4296
2210,4296
2211,4296
2212,4296
2213,4296
2214,4296
2215,4296
2216,4296
2217,4296
2218,4296
2219,4296
2220,4296
2221,4296
2222,4296
2223,4296
2224,4296
2225,4296
2226,4296
2227,4296
2228,4296
2229,4296
2230,4296
2231,4296
2232,4296
2233,4296
2234,4296
2235,4296
2236,4296
2237,4296
2238,4296
2239,4296
2240,4296
2241,4296
2242,4296
2243,4296
2244,4296
2245,4296
2246,4296
2247,4296
2248,4296
2249,4296
2250,4296
2251,4296
2252,4296
2253,4296
2254,4296
2255,4296
2256,4296
2257,4296
2258,4296
2259,4296
2260,4296
2261,4296
2262,4296
2263,4296
2264,4296
2265,4296
2266,4296
2267,4296
2268,4296
2269,4296
2270,4296
2271,4296
2272,4296
2273,4296
2274,4296
2275,4296
2276,4296
2277,4296
2278,4296
2279,4296
2280,4296
2281,4296
2282,4296
2283,4296
2284,4296
2285,4296
2286,4296
2287,4296
2288,4296
2289,4296
2290,4296
2291,4296
2292,4296
2293,4296
2294,4296
2295,4296
2296,4296
2297,4296
2298,4296
2299,4296
2300,4296
2301,4296
2302,4296
2303,4296
2304,4296
2305,4296
2306,4296
2307,4296
2308,4296
2309,4296
2310,4296
2311,4296
2312,4296
2313,4296
2314,4296
2315,4296
2316,4296
2317,4296
2318,4296
2319,4296
2320,4296
2321,4296
2322,4296
2323,4296
2324,4296
2325,4296
2326,4296
2327,4296
2328,4296
2329,4296
2330,4296
2331,4296
2332,4296
2333,4296
2334,4296
2335,4296
2336,4296
2337,4296
2338,4296
2339,4296
2340,4296
2341,4296
2342,4296
2343,4296
2344,4296
2345,4296
2346,4296
2347,4296
2348,4296
2349,4296
2350,4296
2351,4296
2352,4296
2353,4296
2354,4296
2355,4296
2356,4296
2357,4296
2358,4296
2359,4296
2360,4296
2361,4296
2362,4296
2363,4296
2364,4296
2365,4296
2366,4296
2367,4296
2368,4296
2369,4296
2370,4296
2371,4296
2372,4296
2373,4296
2374,4296
2375,4296
2376,4296
2377,4296
2378,4296
2379,4296
2380,4296
2381,4296
2382,4296
2383,4296
2384,4296
2385,4296
2386,4296
2387,4296
2388,4296
2389,4296
2390,4296
2391,4296
2392,4296
2393,4296
2394,4296
2395,4296
2396,4296
2397,4296
2398,4296
2399,4296
2400,4296
2401,4296
2402,4296
2403,4296
2404,4296
2405,4296
2406,4296
2407,4296
2408,4296
2409,4296
2410,4296
2411,4296
2412,4296
2413,4296
2414,4296
2415,4296
2416,4296
2417,4296
2418,4296
2419,4296
2420,4296
2421,4296
2422,4296
2423,4296
2424,4296
2425,4296
2426,4296
2427,4296
2428,4296
2429,4296
2430,4296
2431,4296
2432,4296
2433,4296
2434,4296
2435,4296
2436,4296
2437,4296
2438,4296
2439,4296
2440,4296
2441,4296
2442,4296
2443,4296
2444,4296
2445,4296
2446,4296
2447,4296
2448,4296
2449,4296
2450,4296
2451,4296
2452,4296
2453,4296
2454,4296
2455,4296
2456,4296
2457,4296
2458,4296
2459,4296
2460,4296
2461,4296
2462,4296
2463,4296
2464,4296
2465,4296
2466,4296
2467,4296
2468,4296
2469,4296
2470,4296
2471,4296
2472,4296
2473,4296
2474,4296
2475,4296
2476,4296
2477,4296
2478,4296
2479,4296
2480,4296
2481,4296
2482,4296
2483,4296
2484,4296
2485,4296
2486,4296
2487,4296
2488,4296
2489,4296
2490,4296
2491,4296
2492,4296
2493,4296
2494,4296
2495,4296
2496,4296
2497,4296
2498,4296
2499,4296
2500,4296
2501,4296
2502,4296
2503,4296
2504,4296
2505,4296
2506,4296
2507,4296
2508,4296
2509,4296
2510,4296
2511,4296
2512,4296
2513,4296
2514,4296
2515,4296
2516,4296
2517,4296
2518,4296
2519,4296
2520,4296
2521,4296
2522,4296
2523,4296
2524,4296
2525,4296
2526,4296
2527,4296
2528,4296
2529,4296
2530,4296
2531,4296
2532,4296
2533,4296
2534,4296
2535,4296
2536,4296
2537,4296
2538,4296
2539,4296
2540,4296
2541,4296
2542,4296
2543,4296
2544,4296
2545,4296
2546,4296
2547,4296
2548,4296
2549,4296
2550,4296
2551,4296
2552,4296
2553,4296
2554,4296
2555,4296
2556,4296
2557,4296
2558,4296
2559,4296
2560,4296
2561,4296
2562,4296
2563,4296
2564,4296
2565,4296
2566,4296
2567,4296
2568,4296
2569,4296
2570,4296
2571,4296
2572,4296
2573,4296
2574,4296
2575,4296
2576,4296
2577,4296
2578,4296
2579,4296
2580,4296
2581,4296
2582,4296
2583,4296
2584,4296
2585,4296
2586,4296
2587,4296
2588,4296
2589,4296
2590,4296
2591,4296
2592,2638
2593,2688
2594,2688
2595,2688
2596,2688
2597,3661
2598,3661
2599,3661
2600,3661
2601,3661
2602,3661
2603,3661
2604,3661
2605,3661
2606,3661
2607,3661
2608,3661
2609,3661
2610,3661
2611,3661
2612,3661
2613,3661
2614,3661
2615,3661
2616,3661
2617,3661
2618,3661
2619,3661
2620,3661
2621,3661
2622,3661
2623,3661
2624,3661
2625,3661
2626,3661
2627,3661
2628,3661
2629,3661
2630,3661
2631,3661
2632,3661
2633,3661
2634,3661
2635,9784
2636,9784
2637,2684
2638,2684
2639,2684
2640,2684
2641,2684
2642,2684
2643,2684
2644,2684
2645,2684
2646,2684
2647,2684
2648,2684
2649,2684
2650,2684
2651,2684
2652,2684
2653,1769
2654,1769
2655,2660
2656,2660
2657,2660
2658,2660
2659,2660
2660,2660
2661,2660
2662,2660
2663,2660
2664,2660
2665,2660
2666,2660
2667,2660
2668,2660
2669,2660
2670,2660
2671,2660
2672,2660
2673,2660
2674,2660
2675,2660
2676,2660
2677,2660
2678,2660
2679,2660
2680,2660
2681,5039
2682,5039
2683,5039
2684,5039
2685,5039
2686,5039
2687,5039
2688,5039
2689,5039
2690,5039
2691,5039
2692,5039
2693,5039
2694,5039
2695,5039
2696,5039
2697,5039
2698,5039
2699,5039
2700,5039
2701,5039
2702,5039
2703,5039
2704,5039
2705,5039
2706,5039
2707,5039
2708,5039
2709,5039
2710,5039
2711,5039
2712,5039
2713,5039
2714,5039
2715,5039
2716,5039
2717,5039
2718,5039
2719,5039
2720,5039
2721,5039
2722,5039
2723,5039
2724,5039
2725,5039
2726,5039
2727,5039
2728,5039
2729,5039
2730,5039
2731,5039
2732,5039
2733,5039
2734,5039
2735,5039
2736,5039
2737,5039
2738,5039
2739,5039
2740,5039
2741,5039
2742,5039
2743,5039
2744,5039
2745,5039
2746,5039
2747,5039
2748,5039
2749,5039
2750,5039
2751,5039
2752,5039
2753,5039
2754,5039
2755,5039
2756,5039
2757,5039
2758,5039
2759,5281
2760,5281
2761,2822
2762,2822
2763,2822
2764,2822
2765,2822
2766,2822
2767,2822
2768,2822
2769,2822
2770,2822
2771,2822
2772,2822
2773,2822
2774,2822
2775,2822
2776,2822
2777,2822
2778,2822
2779,2822
2780,2822
2781,2822
2782,2822
2783,2822
2784,2822
2785,2822
2786,2822
2787,2822
2788,2822
2789,2822
2790,2822
2791,2822
2792,2822
2793,2822
2794,2822
2795,2822
2796,2822
2797,2822
2798,2822
2799,2822
2800,2822
2801,2822
2802,2822
2803,2822
2804,2822
2805,2822
2806,2822
2807,2822
2808,2822
2809,2822
2810,2822
2811,2822
2812,2822
2813,2822
2814,2822
2815,2822
2816,2822
2817,2822
2818,2822
2819,2822
2820,2822
2821,2822
2822,2822
2823,2822
2824,2822
2825,2822
2826,2822
2827,2822
2828,2822
2829,2822
2830,2822
2831,2822
2832,2822
2833,2822
2834,2822
2835,2822
2836,2822
2837,2822
2838,2822
2839,2822
2840,2822
2841,2822
2842,2822
2843,2822
2844,2822
2845,2822
2846,2822
2847,2822
2848,2822
2849,2822
2850,2822
2851,2822
2852,2822
2853,2822
2854,2822
2855,2822
2856,2822
2857,2822
2858,2822
2859,2822
2860,2822
2861,2822
2862,2822
2863,2822
2864,2822
2865,2822
2866,2822
2867,2822
2868,2822
2869,2822
2870,2822
2871,2822
2872,2822
2873,2822
2874,2822
2875,2822
2876,2822
2877,2822
2878,2822
2879,2822
2880,2822
2881,2822
2882,2822
2883,2822
2884,2822
2885,2822
2886,2822
2887,2822
2888,2822
2889,2822
2890,2822
2891,2822
2892,2822
2893,2822
2894,2822
2895,2822
2896,2822
2897,2822
2898,2822
2899,2822
2900,2822
2901,2822
2902,2822
2903,2822
2904,2822
2905,2822
2906,2822
2907,2822
2908,2822
2909,2822
2910,2822
2911,2822
2912,2822
2913,2822
2914,2822
2915,2822
2916,2822
2917,2822
2918,2822
2919,2822
2920,2822
2921,2822
2922,2822
2923,2822
2924,2822
2925,2822
2926,2822
2927,2822
2928,2822
2929,2822
2930,2822
2931,2822
2932,2822
2933,2822
2934,2822
2935,2822
2936,2822
2937,2822
2938,2822
2939,2822
2940,2822
2941,2822
2942,2822
2943,2822
2944,2822
2945,2822
2946,2822
2947,2822
2948,2822
2949,2822
2950,2822
2951,2822
2952,2822
2953,2822
2954,2822
2955,2822
2956,2822
2957,2822
2958,2822
2959,2822
2960,2822
2961,2822
2962,2822
2963,2822
2964,2822
2965,2822
2966,2822
2967,2822
2968,2822
2969,2822
2970,2822
2971,2822
2972,2822
2973,2822
2974,2822
2975,2822
2976,2822
2977,2822
2978,2822
2979,2822
2980,2822
2981,2822
2982,2822
2983,2822
2984,2822
2985,2822
2986,2822
2987,2822
2988,2822
2989,2822
2990,2822
2991,2822
2992,2822
2993,2822
2994,2822
2995,2822
2996,2822
2997,2822
2998,2822
2999,2822
3000,2822
3001,2822
3002,2822
3003,2822
3004,2822
3005,2822
3006,2822
3007,2822
3008,2822
3009,2822
3010,2822
3011,2822
3012,2822
3013,2822
3014,2822
3015,2822
3016,2822
3017,2822
3018,2822
3019,2822
3020,2822
3021,2822
3022,2822
3023,2822
3024,2822
3025,2822
3026,2822
3027,2822
3028,2822
3029,2822
3030,2822
3031,2822
3032,2822
3033,2822
3034,2822
3035,2822
3036,2822
3037,3463
3038,3463
3039,3463
3040,3463
3041,3463
3042,3463
3043,3463
3044,3463
3045,3463
3046,3463
3047,3463
3048,3463
3049,3463
3050,3463
3051,3463
3052,3463
3053,3463
3054,3463
3055,3463
3056,3463
3057,3463
3058,3463
3059,3463
3060,3463
3061,3463
3062,3463
3063,3463
3064,3463
3065,3463
3066,3463
3067,3463
3068,3463
3069,2987
3070,2987
3071,2987
3072,83
3073,83
3074,83
3075,83
3076,83
3077,83
3078,83
3079,83
3080,83
3081,83
3082,83
3083,83
3084,83
3085,83
3086,83
3087,83
3088,83
3089,83
3090,2245
3091,2245
3092,2245
3093,2245
3094,2245
3095,2245
3096,2245
3097,2245
3098,2245
3099,2245
3100,2245
3101,2245
3102,2245
3103,2245
3104,2245
3105,2245
3106,2245
3107,2245
3108,2245
3109,2245
3110,3163
3111,3163
3112,3163
3113,3090
3114,3090
3115,3090
3116,3090
3117,3090
3118,3090
3119,3090
3120,3090
3121,3090
3122,3090
3123,3090
3124,3090
3125,3090
3126,3090
3127,3090
3128,3090
3129,3090
3130,3090
3131,3090
3132,3090
3133,3090
3134,3090
3135,3090
3136,3090
3137,3090
3138,3090
3139,3090
3140,3090
3141,3090
3142,3090
3143,3090
3144,3090
3145,3090
3146,3090
3147,3090
3148,3090
3149,3090
3150,3090
3151,3090
3152,3090
3153,3090
3154,3090
3155,3090
3156,3090
3157,3090
3158,3090
3159,3090
3160,3090
3161,3090
3162,3090
3163,3090
3164,3090
3165,3090
3166,3090
3167,3090
3168,3090
3169,3090
3170,3090
3171,3090
3172,3090
3173,3090
3174,3090
3175,3090
3176,3090
3177,3090
3178,3090
3179,3090
3180,3090
3181,3090
3182,3090
3183,3090
3184,3090
3185,3090
3186,3090
3187,3090
3188,3090
3189,3090
3190,3090
3191,3090
3192,3090
3193,3090
3194,3090
3195,3090
3196,3090
3197,3090
3198,3090
3199,3090
3200,3090
3201,3090
3202,3090
3203,3090
3204,3090
3205,3090
3206,3090
3207,3090
3208,3090
3209,3090
3210,3090
3211,3090
3212,3090
3213,3090
3214,3090
3215,3090
3216,3090
3217,3090
3218,3090
3219,3090
3220,3090
3221,3090
3222,3090
3223,3090
3224,3090
3225,3090
3226,3090
3227,3090
3228,3090
3229,3090
3230,3090
3231,3090
3232,3090
3233,3090
3234,3090
3235,3090
3236,3090
3237,3090
3238,3090
3239,3090
3240,3090
3241,3090
3242,3090
3243,3090
3244,3090
3245,3090
3246,3090
3247,3090
3248,3090
3249,3090
3250,242
3251,242
3252,242
3253,242
3254,242
3255,242
3256,242
3257,242
3258,242
3259,242
3260,242
3261,242
3262,242
3263,242
3264,242
3265,242
3266,242
3267,242
3268,242
3269,242
3270,242
3271,242
3272,242
3273,242
3274,242
3275,242
3276,242
3277,242
3278,242
3279,242
3280,242
3281,242
3282,242
3283,242
3284,242
3285,242
3286,242
3287,242
3288,242
3289,242
3290,242
3291,242
3292,242
3293,242
3294,242
3295,242
3296,3126
3297,3179
3298,3179
3299,3179
3300,3179
3301,3200
3302,3200
3303,3329
3304,3329
3305,3329
3306,3329
3307,3329
3308,3329
3309,3329
3310,3329
3311,3329
3312,3329
3313,3329
3314,3329
3315,3329
3316,3329
3317,3329
3318,3329
3319,3329
3320,3329
3321,3329
3322,3329
3323,3329
3324,3329
3325,3329
3326,3329
3327,3329
3328,3329
3329,3329
3330,3329
3331,3329
3332,3329
3333,3329
3334,3329
3335,3329
3336,3329
3337,3329
3338,3329
3339,3329
3340,3329
3341,3329
3342,3329
3343,3329
3344,3329
3345,3329
3346,3329
3347,3329
3348,3329
3349,3329
3350,3320
3351,3320
3352,3320
3353,3320
3354,3320
3355,3320
3356,3320
3357,3320
3358,3320
3359,3320
3360,3320
3361,3320
3362,3320
3363,3320
3364,3320
3365,3320
3366,3320
3367,3320
3368,3320
3369,3320
3370,3320
3371,3320
3372,3320
3373,3320
3374,3320
3375,3320
3376,3320
3377,3320
3378,3320
3379,3320
3380,3320
3381,3320
3382,3320
3383,3320
3384,3320
3385,3320
3386,3320
3387,3320
3388,3320
3389,3320
3390,3320
3391,3320
3392,3320
3393,3320
3394,3320
3395,3320
3396,3320
3397,3320
3398,3320
3399,3320
3400,3320
3401,3320
3402,3320
3403,3320
3404,3320
3405,3320
3406,3320
3407,3320
3408,3320
3409,3320
3410,3320
3411,3320
3412,3320
3413,3320
3414,3320
3415,3320
3416,3320
3417,3320
3418,3320
3419,3320
3420,3320
3421,3320
3422,3320
3423,3320
3424,3320
3425,3320
3426,3320
3427,3320
3428,3320
3429,3320
3430,3320
3431,3320
3432,3320
3433,3320
3434,3320
3435,3320
3436,3320
3437,3320
3438,3320
3439,3320
3440,3320
3441,3320
3442,3320
3443,3320
3444,3320
3445,3320
3446,3320
3447,3320
3448,3320
3449,3320
3450,3320
3451,3320
3452,3320
3453,3320
3454,3320
3455,3320
3456,3320
3457,3320
3458,3320
3459,3320
3460,3320
3461,3320
3462,3320
3463,3320
3464,3320
3465,3320
3466,3320
3467,3320
3468,3320
3469,3320
3470,3320
3471,3320
3472,3320
3473,3320
3474,3320
3475,3320
3476,3320
3477,3320
3478,3320
3479,3320
3480,3320
3481,3320
3482,3320
3483,3320
3484,3320
3485,3320
3486,3320
3487,3320
3488,3320
3489,3320
3490,3320
3491,3320
3492,3320
3493,3320
3494,3320
3495,3320
3496,3320
3497,3320
3498,3320
3499,3320
3500,3320
3501,3320
3502,3320
3503,3320
3504,3320
3505,3320
3506,3320
3507,3320
3508,3320
3509,3320
3510,3320
3511,3320
3512,3320
3513,3320
3514,3320
3515,3320
3516,3320
3517,3320
3518,3320
3519,3320
3520,3320
3521,3320
3522,3320
3523,3320
3524,3320
3525,3320
3526,3320
3527,3320
3528,3320
3529,3320
3530,3320
3531,3320
3532,3320
3533,3320
3534,3320
3535,3320
3536,3320
3537,3320
3538,3320
3539,3320
3540,3320
3541,3320
3542,3320
3543,3320
3544,3320
3545,3320
3546,3320
3547,3320
3548,3320
3549,3320
3550,3320
3551,3320
3552,3320
3553,3320
3554,3320
3555,3320
3556,3320
3557,3320
3558,3320
3559,3320
3560,3320
3561,3320
3562,3320
3563,3320
3564,3320
3565,3320
3566,3320
3567,3320
3568,3320
3569,3320
3570,3320
3571,3320
3572,3320
3573,3320
3574,3320
3575,3320
3576,3320
3577,3320
3578,3320
3579,3320
3580,3320
3581,3320
3582,3320
3583,3320
3584,3320
3585,3320
3586,3320
3587,3320
3588,3320
3589,3320
3590,3320
3591,3320
3592,3320
3593,3320
3594,3320
3595,3320
3596,3320
3597,3320
3598,3320
3599,3320
3600,3320
3601,3320
3602,3320
3603,3320
3604,3320
3605,3320
3606,3320
3607,3320
3608,3320
3609,3320
3610,3320
3611,3320
3612,3320
3613,3320
3614,3320
3615,3320
3616,3320
3617,3320
3618,3320
3619,3320
3620,3320
3621,3320
3622,3320
3623,3320
3624,3320
3625,3320
3626,3320
3627,3320
3628,3320
3629,3320
3630,3320
3631,3320
3632,3320
3633,3320
3634,3320
3635,3320
3636,3320
3637,3320
3638,3320
3639,3320
3640,3320
3641,3320
3642,3320
3643,3320
3644,3320
3645,3320
3646,3320
3647,3320
3648,3320
3649,3320
3650,3320
3651,3320
3652,3320
3653,3320
3654,3320
3655,3320
3656,3320
3657,3320
3658,3210
3659,3210
3660,3210
3661,3210
3662,3210
3663,3210
3664,3210
3665,3210
3666,3210
3667,3210
3668,3210
3669,3210
3670,3210
3671,3210
3672,3210
3673,3210
3674,3210
3675,3210
3676,3210
3677,3210
3678,3210
3679,3210
3680,3210
3681,3210
3682,3210
3683,3210
3684,3210
3685,3210
3686,3210
3687,3210
3688,3210
3689,3210
3690,3210
3691,3210
3692,3210
3693,3210
3694,3210
3695,3210
3696,3210
3697,3210
3698,3210
3699,3210
3700,3210
3701,3210
3702,3210
3703,3210
3704,3210
3705,3210
3706,3210
3707,3210
3708,3210
3709,3210
3710,3210
3711,3210
3712,3210
3713,3210
3714,3210
3715,3210
3716,3210
3717,3210
3718,3210
3719,3210
3720,3210
3721,3210
3722,3210
3723,3210
3724,3210
3725,3210
3726,3210
3727,3210
3728,3210
3729,3210
3730,3210
3731,3210
3732,3210
3733,3210
3734,3210
3735,3210
3736,3026
3737,3026
3738,3026
3739,3026
3740,3026
3741,3026
3742,3026
3743,3026
3744,3026
3745,3026
3746,3026
3747,3026
3748,3026
3749,3026
3750,3026
3751,3026
3752,3026
3753,3026
3754,3026
3755,3026
3756,3026
3757,3026
3758,3026
3759,3026
3760,3026
3761,3026
3762,3026
3763,3026
3764,3026
3765,3026
3766,3026
3767,3026
3768,3026
3769,3026
3770,3026
3771,3026
3772,3026
3773,3026
3774,3026
3775,3026
3776,3026
3777,3026
3778,3026
3779,3026
3780,3026
3781,3026
3782,3026
3783,3026
3784,3026
3785,3026
3786,3026
3787,3026
3788,3026
3789,3026
3790,3026
3791,3026
3792,3026
3793,3026
3794,3026
3795,3026
3796,3026
3797,3026
3798,3026
3799,3026
3800,3026
3801,3026
3802,3026
3803,3026
3804,3026
3805,3026
3806,3026
3807,3026
3808,3026
3809,3026
3810,3026
3811,3026
3812,19610
3813,19610
3814,19610
3815,19610
3816,19610
3817,19610
3818,19610
3819,19610
3820,19610
3821,19610
3822,19610
3823,19610
3824,2150
3825,3378
3826,3378
3827,3378
3828,3378
3829,3378
3830,3378
3831,3378
3832,3378
3833,3378
3834,3378
3835,3378
3836,3378
3837,3378
3838,3378
3839,3378
3840,3378
3841,1758
3842,1758
3843,1758
3844,1758
3845,1758
3846,1758
3847,1758
3848,1758
3849,1758
3850,1758
3851,1758
3852,1758
3853,1758
3854,1758
3855,324
3856,324
3857,324
3858,324
3859,324
3860,324
3861,4687
3862,4687
3863,4687
3864,4687
3865,4687
3866,4687
3867,4687
3868,4687
3869,4687
3870,4687
3871,4687
3872,4687
3873,4687
3874,4687
3875,4687
3876,4687
3877,4687
3878,4687
3879,4687
3880,4687
3881,4687
3882,4687
3883,4687
3884,4687
3885,1539
3886,1539
3887,345
3888,345
3889,345
3890,345
3891,345
3892,345
3893,345
3894,345
3895,1946
3896,1946
3897,1946
3898,1946
3899,1946
3900,1946
3901,1946
3902,1946
3903,1946
3904,1946
3905,1946
3906,1946
3907,1946
3908,1946
3909,1946
3910,1946
3911,1946
3912,1946
3913,1946
3914,1946
3915,1946
3916,1946
3917,1946
3918,1946
3919,1946
3920,1946
3921,1946
3922,1946
3923,1946
3924,1946
3925,1946
3926,1946
3927,1946
3928,1946
3929,1946
3930,1946
3931,1946
3932,1946
3933,1946
3934,1946
3935,1946
3936,1946
3937,1946
3938,1946
3939,1946
3940,1946
3941,1946
3942,1946
3943,1946
3944,1946
3945,1946
3946,1946
3947,1946
3948,491
3949,491
3950,491
3951,491
3952,491
3953,491
3954,491
3955,491
3956,491
3957,491
3958,491
3959,491
3960,491
3961,491
3962,491
3963,491
3964,491
3965,491
3966,491
3967,491
3968,491
3969,491
3970,491
3971,491
3972,491
3973,491
3974,491
3975,491
3976,491
3977,491
3978,491
3979,491
3980,491
3981,491
3982,491
3983,491
3984,491
3985,491
3986,491
3987,491
3988,491
3989,491
3990,491
3991,491
3992,491
3993,491
3994,491
3995,491
3996,491
3997,491
3998,491
3999,491
4000,491
4001,491
4002,491
4003,491
4004,491
4005,491
4006,491
4007,491
4008,491
4009,491
4010,491
4011,491
4012,491
4013,491
4014,491
4015,491
4016,491
4017,491
4018,491
4019,491
4020,491
4021,491
4022,491
4023,491
4024,491
4025,491
4026,491
4027,491
4028,491
4029,491
4030,491
4031,491
4032,491
4033,491
4034,491
4035,491
4036,491
4037,491
4038,491
4039,491
4040,491
4041,491
4042,491
4043,491
4044,491
4045,491
4046,1925
4047,1925
4048,1925
4049,1925
4050,1925
4051,1925
4052,1925
4053,1925
4054,1925
4055,1925
4056,1925
4057,1925
4058,1925
4059,1925
4060,1925
4061,1925
4062,1925
4063,1925
4064,1925
4065,1925
4066,1925
4067,1925
4068,1925
4069,1925
4070,1925
4071,1925
4072,1925
4073,1925
4074,1925
4075,1925
4076,1925
4077,1925
4078,1925
4079,1925
4080,1925
4081,1925
4082,1925
4083,1925
4084,1925
4085,1925
4086,1925
4087,1925
4088,1925
4089,1925
4090,1925
4091,1925
4092,1925
4093,1925
4094,1925
4095,1925
4096,1925
4097,1925
4098,1925
4099,1925
4100,1925
4101,1925
4102,1925
4103,1925
4104,1925
4105,1925
4106,1925
4107,1925
4108,1925
4109,2218
4110,2218
4111,2218
4112,2218
4113,2218
4114,2218
4115,2218
4116,2218
4117,2218
4118,2218
4119,2218
4120,2218
4121,2218
4122,2218
4123,28
4124,28
4125,28
4126,3871
4127,3871
4128,3871
4129,4089
4130,4089
4131,4089
4132,4089
4133,4089
4134,4089
4135,4091
4136,4091
4137,4091
4138,4091
4139,4091
4140,4091
4141,4091
4142,4091
4143,4091
4144,4091
4145,4091
4146,4091
4147,4091
4148,4091
4149,4091
4150,4091
4151,5097
4152,5097
4153,5097
4154,5097
4155,5097
4156,5097
4157,5097
4158,5097
4159,5097
4160,5097
4161,5097
4162,5097
4163,5097
4164,5097
4165,5097
4166,5097
4167,5097
4168,5097
4169,5097
4170,5097
4171,5097
4172,5097
4173,5097
4174,5097
4175,5097
4176,5097
4177,5097
4178,5097
4179,5097
4180,5097
4181,5097
4182,5097
4183,5097
4184,5097
4185,5097
4186,5097
4187,5097
4188,5097
4189,5097
4190,5097
4191,5097
4192,5097
4193,4259
4194,4259
4195,4259
4196,4259
4197,4259
4198,4259
4199,5179
4200,5179
4201,5179
4202,5179
4203,5179
4204,5179
4205,5179
4206,5179
4207,5179
4208,5179
4209,5179
4210,5179
4211,5179
4212,5179
4213,5179
4214,5179
4215,5179
4216,5179
4217,5179
4218,5179
4219,5179
4220,5179
4221,5179
4222,5179
4223,5179
4224,5179
4225,5179
4226,5179
4227,5179
4228,5179
4229,5179
4230,5179
4231,5179
4232,5179
4233,5179
4234,5179
4235,5179
4236,5179
4237,5179
4238,5179
4239,5179
4240,5179
4241,5179
4242,5179
4243,5179
4244,5179
4245,5179
4246,5179
4247,5179
4248,5179
4249,4304
4250,4304
4251,4304
4252,4304
4253,4304
4254,4304
4255,4304
4256,4304
4257,4304
4258,4304
4259,4304
4260,4304
4261,4304
4262,4304
4263,4304
4264,4304
4265,4304
4266,4304
4267,4304
4268,4304
4269,4304
4270,4304
4271,4304
4272,4304
4273,4304
4274,4304
4275,4304
4276,4304
4277,4304
4278,4304
4279,4304
4280,4304
4281,4304
4282,4304
4283,4304
4284,4304
4285,4304
4286,4304
4287,4304
4288,4304
4289,4304
4290,4304
4291,4304
4292,4304
4293,4304
4294,4304
4295,4304
4296,4305
4297,4305
4298,5479
4299,5479
4300,5479
4301,5479
4302,4319
4303,4319
4304,4319
4305,4319
4306,4319
4307,4319
4308,4319
4309,4319
4310,4319
4311,4319
4312,4319
4313,4319
4314,4319
4315,4319
4316,4319
4317,4319
4318,4319
4319,4319
4320,4319
4321,4319
4322,4319
4323,4319
4324,4319
4325,4319
4326,4319
4327,4319
4328,4319
4329,4319
4330,4319
4331,4319
4332,4319
4333,4319
4334,4319
4335,4319
4336,4319
4337,4319
4338,4319
4339,4319
4340,4319
4341,4319
4342,4319
4343,4319
4344,4319
4345,4319
4346,4319
4347,4319
4348,4319
4349,4319
4350,4319
4351,4319
4352,4319
4353,4319
4354,4319
4355,4319
4356,4319
4357,4319
4358,4319
4359,4319
4360,4319
4361,4319
4362,4319
4363,4319
4364,4319
4365,4319
4366,4319
4367,4319
4368,4319
4369,4319
4370,4319
4371,4319
4372,4319
4373,4319
4374,4319
4375,4319
4376,4319
4377,4319
4378,4319
4379,4319
4380,4319
4381,4319
4382,4319
4383,4319
4384,4319
4385,4319
4386,4319
4387,4319
4388,4319
4389,4319
4390,4319
4391,4319
4392,4319
4393,4319
4394,4319
4395,4319
4396,4319
4397,4319
4398,4319
4399,4319
4400,4319
4401,4319
4402,4319
4403,4319
4404,4319
4405,4319
4406,4319
4407,4319
4408,4319
4409,4319
4410,4319
4411,4319
4412,4319
4413,4319
4414,4319
4415,4319
4416,4319
4417,4319
4418,4319
4419,4319
4420,4319
4421,4319
4422,4319
4423,4319
4424,4319
4425,4319
4426,4319
4427,4319
4428,4319
4429,4319
4430,4319
4431,4319
4432,4319
4433,4319
4434,4319
4435,4319
4436,4319
4437,4319
4438,4319
4439,4319
4440,4319
4441,4319
4442,4319
4443,4319
4444,4319
4445,4319
4446,4319
4447,4319
4448,4319
4449,4319
4450,4319
4451,4319
4452,4319
4453,4319
4454,4319
4455,4319
4456,4319
4457,4319
4458,4319
4459,4319
4460,4319
4461,4319
4462,4319
4463,4319
4464,4319
4465,4319
4466,4319
4467,4319
4468,4319
4469,1531
4470,1531
4471,1531
4472,1531
4473,1531
4474,1531
4475,1531
4476,1531
4477,1531
4478,1531
4479,1531
4480,1531
4481,1531
4482,1531
4483,1531
4484,1531
4485,1531
4486,1531
4487,1531
4488,1531
4489,1531
4490,1531
4491,1531
4492,1531
4493,1531
4494,1531
4495,1531
4496,1531
4497,1531
4498,1531
4499,1531
4500,1531
4501,1531
4502,1531
4503,1531
4504,1531
4505,1531
4506,1531
4507,1531
4508,1531
4509,1531
4510,1531
4511,1531
4512,1531
4513,1531
4514,1531
4515,1531
4516,1531
4517,1531
4518,1531
4519,1531
4520,1531
4521,1531
4522,1531
4523,1531
4524,1531
4525,1531
4526,1531
4527,1531
4528,1531
4529,1531
4530,1531
4531,1531
4532,1531
4533,1531
4534,1531
4535,1531
4536,1531
4537,1531
4538,1531
4539,1531
4540,1531
4541,1531
4542,1531
4543,4435
4544,4435
4545,4435
4546,4435
4547,4435
4548,4435
4549,4435
4550,4435
4551,130
4552,130
4553,130
4554,130
4555,4965
4556,4965
4557,4897
4558,4897
4559,4897
4560,4897
4561,4897
4562,4897
4563,4897
4564,4897
4565,4897
4566,4897
4567,4897
4568,4897
4569,4897
4570,4897
4571,4897
4572,3386
4573,3386
4574,3386
4575,3386
4576,3386
4577,3386
4578,3386
4579,3386
4580,3386
4581,3386
4582,3386
4583,3386
4584,4940
4585,4940
4586,4940
4587,4940
4588,4940
4589,4940
4590,4940
4591,4940
4592,4940
4593,4940
4594,4951
4595,4951
4596,4951
4597,4951
4598,225
4599,225
4600,8745
4601,8745
4602,8745
4603,8745
4604,8745
4605,8745
4606,8745
4607,8745
4608,8745
4609,8745
4610,8745
4611,8745
4612,8745
4613,8745
4614,8745
4615,8745
4616,8745
4617,8745
4618,8745
4619,8745
4620,8745
4621,8745
4622,8745
4623,8745
4624,8745
4625,8745
4626,8745
4627,8745
4628,8745
4629,8745
4630,8745
4631,8745
4632,8745
4633,8745
4634,8745
4635,8745
4636,8745
4637,8745
4638,8745
4639,8745
4640,8745
4641,8745
4642,8745
4643,8745
4644,8745
4645,8745
4646,8745
4647,8745
4648,8745
4649,8745
4650,8745
4651,8745
4652,8745
4653,8745
4654,8745
4655,8745
4656,8745
4657,8745
4658,8745
4659,8745
4660,8745
4661,8745
4662,8745
4663,8745
4664,8745
4665,8745
4666,8745
4667,8745
4668,8745
4669,8745
4670,8745
4671,8745
4672,8745
4673,8745
4674,8745
4675,8745
4676,8745
4677,8745
4678,8745
4679,8745
4680,8745
4681,8745
4682,8745
4683,8745
4684,8745
4685,8745
4686,8745
4687,8745
4688,8745
4689,8745
4690,8745
4691,8745
4692,8745
4693,8745
4694,8745
4695,8745
4696,8745
4697,8745
4698,8745
4699,8745
4700,8745
4701,8745
4702,5013
4703,5013
4704,5013
4705,5013
4706,5013
4707,5013
4708,5013
4709,5013
4710,5013
4711,5013
4712,5013
4713,5013
4714,5013
4715,5013
4716,5013
4717,5013
4718,5013
4719,5013
4720,5013
4721,4869
4722,4869
4723,4869
4724,4869
4725,4869
4726,4869
4727,4869
4728,4869
4729,4869
4730,4869
4731,4869
4732,4869
4733,4869
4734,4869
4735,4869
4736,4869
4737,4869
4738,4869
4739,4869
4740,4869
4741,4869
4742,4869
4743,4869
4744,4869
4745,4869
4746,4869
4747,4869
4748,4869
4749,4869
4750,4869
4751,4869
4752,4869
4753,4869
4754,4869
4755,4869
4756,4869
4757,4869
4758,4869
4759,4869
4760,4869
4761,4869
4762,4869
4763,4869
4764,4869
4765,4869
4766,4869
4767,4869
4768,4869
4769,4869
4770,4869
4771,4869
4772,4869
4773,4869
4774,4869
4775,4869
4776,4869
4777,4869
4778,4869
4779,4869
4780,4869
4781,4869
4782,4869
4783,4869
4784,4869
4785,4869
4786,4869
4787,4869
4788,4869
4789,4869
4790,4869
4791,4869
4792,4869
4793,4869
4794,4869
4795,4869
4796,4869
4797,4869
4798,4869
4799,4869
4800,4869
4801,4869
4802,4869
4803,4869
4804,4869
4805,4869
4806,4869
4807,4869
4808,4869
4809,4869
4810,4869
4811,4869
4812,4869
4813,4869
4814,4869
4815,4869
4816,4869
4817,4869
4818,4869
4819,4869
4820,4869
4821,1317
4822,2297
4823,2297
4824,2297
4825,2297
4826,2297
4827,2297
4828,2297
4829,2297
4830,2297
4831,2297
4832,2297
4833,2297
4834,2297
4835,2297
4836,2297
4837,2297
4838,2297
4839,2297
4840,2297
4841,2297
4842,2297
4843,2297
4844,2297
4845,2297
4846,2297
4847,2297
4848,2297
4849,2297
4850,2297
4851,2297
4852,2297
4853,2297
4854,2297
4855,2297
4856,2297
4857,2297
4858,2297
4859,2297
4860,2297
4861,2297
4862,2297
4863,2297
4864,2297
4865,2297
4866,2297
4867,2297
4868,2297
4869,2297
4870,2297
4871,2297
4872,2297
4873,2297
4874,2297
4875,2297
4876,2297
4877,2297
4878,2297
4879,2297
4880,2297
4881,2297
4882,2297
4883,2297
4884,2297
4885,2297
4886,2297
4887,2297
4888,2297
4889,2297
4890,2297
4891,2297
4892,2297
4893,2297
4894,2297
4895,2297
4896,2297
4897,2297
4898,2297
4899,2297
4900,2297
4901,2297
4902,2297
4903,2297
4904,2297
4905,2297
4906,2297
4907,2297
4908,2297
4909,2297
4910,2297
4911,2297
4912,2297
4913,2297
4914,2297
4915,2297
4916,2297
4917,2297
4918,2297
4919,2297
4920,2297
4921,2297
4922,2297
4923,2297
4924,2297
4925,2297
4926,2297
4927,2297
4928,2297
4929,2297
4930,2297
4931,2297
4932,2297
4933,2297
4934,2297
4935,2297
4936,2297
4937,2297
4938,2297
4939,2297
4940,2297
4941,2297
4942,2297
4943,2297
4944,2297
4945,2297
4946,2297
4947,2297
4948,2297
4949,2297
4950,2297
4951,2297
4952,2297
4953,2297
4954,2297
4955,2297
4956,2297
4957,2297
4958,2297
4959,2297
4960,2297
4961,2297
4962,2297
4963,2297
4964,2297
4965,2297
4966,2297
4967,2297
4968,2297
4969,2297
4970,2297
4971,2297
4972,2297
4973,2297
4974,2297
4975,2297
4976,2297
4977,2297
4978,2297
4979,2297
4980,2297
4981,2297
4982,2297
4983,2297
4984,2297
4985,2297
4986,2297
4987,2297
4988,2297
4989,2297
4990,2297
4991,2297
4992,2297
4993,2297
4994,2297
4995,2297
4996,2297
4997,2297
4998,2297
4999,2297
5000,2297
5001,2297
5002,2297
5003,2297
5004,2297
5005,2297
5006,2297
5007,2297
5008,2297
5009,2297
5010,2297
5011,2297
5012,2297
5013,2297
5014,2297
5015,2297
5016,2297
5017,2297
5018,2297
5019,2297
5020,2297
5021,2297
5022,2297
5023,2297
5024,2297
5025,2297
5026,2297
5027,2297
5028,2297
5029,2297
5030,2297
5031,2297
5032,2297
5033,2297
5034,2297
5035,2297
5036,2297
5037,2297
5038,2297
5039,2297
5040,2297
5041,2297
5042,2297
5043,2297
5044,2297
5045,2297
5046,2297
5047,2297
5048,2297
5049,2297
5050,2297
5051,2297
5052,2297
5053,2297
5054,2297
5055,2297
5056,2297
5057,2297
5058,2297
5059,2297
5060,2297
5061,2297
5062,2297
5063,2297
5064,2297
5065,2297
5066,2297
5067,2297
5068,2297
5069,2297
5070,2297
5071,2297
5072,2297
5073,2297
5074,2297
5075,2297
5076,2297
5077,2297
5078,2297
5079,2297
5080,2297
5081,2297
5082,2297
5083,2297
5084,2297
5085,2297
5086,2297
5087,2297
5088,2297
5089,2297
5090,2297
5091,2297
5092,2297
5093,2297
5094,2297
5095,2297
5096,2297
5097,2297
5098,2297
5099,2297
5100,2297
5101,2297
5102,2297
5103,2297
5104,2297
5105,2297
5106,2297
5107,2297
5108,2297
5109,2297
5110,2297
5111,2297
5112,2297
5113,2297
5114,2297
5115,2297
5116,2297
5117,2297
5118,2297
5119,2297
5120,2297
5121,2297
5122,2297
5123,2297
5124,2297
5125,2297
5126,2297
5127,2297
5128,2297
5129,2297
5130,2297
5131,2297
5132,2297
5133,2297
5134,2297
5135,2297
5136,2297
5137,2297
5138,2297
5139,2297
5140,2297
5141,2297
5142,2297
5143,2297
5144,2297
5145,2297
5146,2297
5147,2297
5148,2297
5149,2297
5150,2297
5151,2297
5152,2297
5153,2297
5154,2297
5155,2297
5156,2297
5157,2297
5158,2297
5159,2297
5160,2297
5161,2297
5162,2297
5163,2297
5164,2297
5165,2297
5166,2297
5167,2297
5168,2297
5169,2297
5170,2297
5171,2297
5172,2297
5173,2297
5174,2297
5175,2297
5176,2297
5177,2297
5178,2297
5179,2297
5180,2297
5181,2297
5182,2297
5183,2297
5184,2297
5185,2297
5186,2297
5187,2297
5188,2297
5189,2297
5190,2297
5191,2297
5192,2297
5193,2297
5194,2297
5195,2297
5196,2297
5197,2297
5198,5209
5199,5209
5200,5209
5201,5209
5202,5209
5203,5209
5204,5209
5205,5209
5206,5209
5207,5209
5208,5209
5209,5209
5210,5209
5211,5209
5212,5209
5213,5209
5214,5209
5215,5209
5216,5209
5217,5209
5218,5209
5219,5209
5220,5209
5221,5209
5222,5209
5223,5209
5224,5209
5225,5209
5226,5209
5227,5209
5228,5209
5229,5209
5230,5209
5231,5209
5232,5209
5233,5209
5234,5209
5235,5209
5236,5209
5237,5209
5238,5209
5239,5209
5240,5209
5241,5209
5242,5209
5243,5209
5244,5209
5245,5209
5246,5209
5247,5209
5248,5209
5249,5209
5250,5209
5251,5209
5252,5209
5253,5209
5254,5209
5255,5209
5256,5209
5257,5209
5258,5209
5259,5209
5260,5209
5261,5209
5262,5209
5263,5209
5264,5209
5265,5209
5266,5209
5267,5209
5268,5209
5269,5209
5270,5209
5271,5209
5272,5209
5273,5209
5274,5209
5275,5209
5276,5209
5277,5209
5278,5209
5279,5209
5280,5209
5281,5209
5282,5209
5283,5209
5284,5209
5285,5209
5286,5209
5287,5209
5288,5209
5289,5209
5290,5209
5291,5209
5292,5209
5293,5209
5294,5209
5295,5209
5296,5209
5297,5209
5298,5209
5299,5209
5300,5209
5301,5209
5302,5209
5303,5209
5304,5209
5305,5209
5306,5209
5307,5209
5308,5209
5309,5209
5310,5067
5311,5067
5312,5067
5313,5067
5314,5067
5315,5067
5316,5067
5317,5067
5318,5067
5319,5067
5320,5067
5321,5067
5322,5265
5323,5265
5324,5265
5325,5265
5326,5265
5327,5265
5328,5265
5329,5265
5330,5265
5331,5265
5332,5265
5333,5265
5334,5265
5335,5265
5336,5265
5337,5265
5338,5265
5339,5265
5340,5265
5341,5265
5342,5265
5343,5265
5344,5265
5345,5265
5346,5265
5347,5265
5348,5265
5349,5265
5350,5265
5351,5265
5352,5265
5353,5265
5354,5265
5355,5265
5356,5265
5357,5265
5358,5265
5359,5265
5360,5265
5361,5265
5362,5265
5363,5265
5364,5265
5365,5265
5366,5265
5367,5265
5368,5265
5369,5265
5370,5265
5371,5265
5372,5265
5373,5265
5374,5265
5375,5265
5376,5265
5377,5265
5378,5265
5379,5265
5380,5265
5381,5265
5382,5265
5383,5265
5384,5265
5385,5265
5386,5265
5387,5265
5388,5265
5389,5265
5390,5265
5391,5265
5392,5265
5393,5265
5394,5265
5395,5265
5396,5265
5397,5265
5398,5265
5399,5265
5400,5265
5401,5265
5402,5265
5403,5265
5404,5265
5405,5265
5406,5265
5407,5265
5408,5265
5409,5265
5410,5265
5411,5265
5412,5265
5413,5265
5414,5265
5415,5265
5416,5265
5417,5265
5418,5265
5419,5265
5420,5265
5421,5265
5422,5265
5423,5265
5424,5265
5425,5265
5426,5265
5427,5265
5428,5265
5429,5265
5430,5265
5431,5265
5432,5265
5433,5265
5434,90
5435,90
5436,90
5437,90
5438,90
5439,90
5440,90
5441,90
5442,90
5443,90
5444,90
5445,90
5446,90
5447,90
5448,90
5449,90
5450,90
5451,90
5452,90
5453,90
5454,90
5455,90
5456,90
5457,90
5458,90
5459,90
5460,90
5461,90
5462,90
5463,90
5464,90
5465,90
5466,90
5467,90
5468,90
5469,90
5470,90
5471,90
5472,90
5473,90
5474,90
5475,90
5476,90
5477,90
5478,20577
5479,20577
5480,5360
5481,5360
5482,5360
5483,5360
5484,5309
5485,5309
5486,5347
5487,5347
5488,5347
5489,5347
5490,5347
5491,5347
5492,5347
5493,5347
5494,5347
5495,5347
5496,5347
5497,5347
5498,5347
5499,5347
5500,5347
5501,5347
5502,5347
5503,5347
5504,5347
5505,5347
5506,5347
5507,5347
5508,5347
5509,5347
5510,5347
5511,5347
5512,5347
5513,5347
5514,5347
5515,5347
5516,5347
5517,5347
5518,5347
5519,5347
5520,5347
5521,5347
5522,5347
5523,5347
5524,5347
5525,5347
5526,5347
5527,5347
5528,5347
5529,5347
5530,5347
5531,5347
5532,5347
5533,5347
5534,5331
5535,5331
5536,5331
5537,5331
5538,5331
5539,5331
5540,5331
5541,5331
5542,5331
5543,5331
5544,5331
5545,5331
5546,5331
5547,5331
5548,5331
5549,5331
5550,5331
5551,5331
5552,5331
5553,5331
5554,5331
5555,5331
5556,5331
5557,5331
5558,5331
5559,5331
5560,5331
5561,5331
5562,2439
5563,2439
5564,2439
5565,2439
5566,2439
5567,2439
5568,2439
5569,2439
5570,2439
5571,2439
5572,2439
5573,2439
5574,2439
5575,2439
5576,2439
5577,2439
5578,2439
5579,2439
5580,2439
5581,2439
5582,2439
5583,2439
5584,2439
5585,2439
5586,2439
5587,2439
5588,2439
5589,2439
5590,2439
5591,2439
5592,2439
5593,2439
5594,2439
5595,2439
5596,2439
5597,2439
5598,2439
5599,2439
5600,2439
5601,2439
5602,2439
5603,2439
5604,2439
5605,2439
5606,2439
5607,2439
5608,2439
5609,2439
5610,2439
5611,2439
5612,2439
5613,2439
5614,2439
5615,2439
5616,2439
5617,2439
5618,2439
5619,2439
5620,2439
5621,2439
5622,2439
5623,2439
5624,2439
5625,2439
5626,2439
5627,2439
5628,2439
5629,2439
5630,2439
5631,2439
5632,2439
5633,2439
5634,2439
5635,2439
5636,2439
5637,2439
5638,2439
5639,2439
5640,2439
5641,2439
5642,2439
5643,2439
5644,2439
5645,2439
5646,2439
5647,2439
5648,2439
5649,2439
5650,2439
5651,2439
5652,2439
5653,2439
5654,2439
5655,2439
5656,2439
5657,2439
5658,2439
5659,2439
5660,2439
5661,2439
5662,2439
5663,2439
5664,2439
5665,2439
5666,2439
5667,2439
5668,2439
5669,2439
5670,2439
5671,2439
5672,2439
5673,2439
5674,2439
5675,2439
5676,2439
5677,2439
5678,2439
5679,2439
5680,2439
5681,2439
5682,2439
5683,2439
5684,2439
5685,2439
5686,2439
5687,2439
5688,2439
5689,2439
5690,2439
5691,2439
5692,2439
5693,2439
5694,2439
5695,2439
5696,2439
5697,2439
5698,2439
5699,2439
5700,2439
5701,2439
5702,2439
5703,2439
5704,5461
5705,5461
5706,5461
5707,5461
5708,5461
5709,5461
5710,5461
5711,5461
5712,5461
5713,5461
5714,5461
5715,5461
5716,5461
5717,5461
5718,5461
5719,5461
5720,5461
5721,5461
5722,5461
5723,5461
5724,5461
5725,5461
5726,5461
5727,5461
5728,5461
5729,5461
5730,5461
5731,5461
5732,5461
5733,5461
5734,5461
5735,5461
5736,5461
5737,5461
5738,5461
5739,5461
5740,5461
5741,5461
5742,5461
5743,5461
5744,5461
5745,5461
5746,5461
5747,5461
5748,5461
5749,5461
5750,5461
5751,5461
5752,5461
5753,5461
5754,5461
5755,5461
5756,5461
5757,5461
5758,5461
5759,5461
5760,5461
5761,5461
5762,5461
5763,5461
5764,5461
5765,5461
5766,5461
5767,5461
5768,5461
5769,5461
5770,5461
5771,5461
5772,5461
5773,5461
5774,5461
5775,5461
5776,5461
5777,5461
5778,5461
5779,5461
5780,5461
5781,5461
5782,5461
5783,5461
5784,5461
5785,5461
5786,5461
5787,5461
5788,5461
5789,5461
5790,5461
5791,5461
5792,5461
5793,5461
5794,5461
5795,5461
5796,5461
5797,5461
5798,5461
5799,5461
5800,5461
5801,5461
5802,5461
5803,5461
5804,5461
5805,5461
5806,5461
5807,5461
5808,5461
5809,5461
5810,5461
5811,5461
5812,5461
5813,5461
5814,5461
5815,5461
5816,5461
5817,5461
5818,5461
5819,5461
5820,5461
5821,5461
5822,5461
5823,5461
5824,5461
5825,5461
5826,5461
5827,5461
5828,5461
5829,5461
5830,5461
5831,5461
5832,5461
5833,5461
5834,5461
5835,5461
5836,5461
5837,5461
5838,5461
5839,5461
5840,5461
5841,5461
5842,5461
5843,5461
5844,5461
5845,5461
5846,5461
5847,5461
5848,5461
5849,5461
5850,5461
5851,5461
5852,5461
5853,5461
5854,5461
5855,5461
5856,5461
5857,5461
5858,5461
5859,5461
5860,5461
5861,5461
5862,5461
5863,5461
5864,5461
5865,5461
5866,4547
5867,4547
5868,4547
5869,4547
5870,4547
5871,4547
5872,4547
5873,4547
5874,4547
5875,4547
5876,4547
5877,4547
5878,4547
5879,4547
5880,4547
5881,4547
5882,4547
5883,4547
5884,4547
5885,4547
5886,4547
5887,4547
5888,4547
5889,4547
5890,4547
5891,4547
5892,4547
5893,4547
5894,4547
5895,4547
5896,5416
5897,1792
5898,1792
5899,1792
5900,1792
5901,1792
5902,1792
5903,2681
5904,2681
5905,2681
5906,2681
5907,2681
5908,2681
5909,2681
5910,2681
5911,2681
5912,2681
5913,2681
5914,2681
5915,2681
5916,2681
5917,2681
5918,2681
5919,220
5920,220
5921,220
5922,220
5923,220
5924,220
5925,220
5926,220
5927,220
5928,220
5929,220
5930,220
5931,220
5932,220
5933,220
5934,220
5935,220
5936,220
5937,220
5938,220
5939,220
5940,220
5941,220
5942,220
5943,220
5944,220
5945,220
5946,220
5947,220
5948,220
5949,220
5950,220
5951,220
5952,220
5953,220
5954,220
5955,220
5956,220
5957,220
5958,220
5959,220
5960,220
5961,220
5962,220
5963,220
5964,220
5965,220
5966,220
5967,220
5968,220
5969,220
5970,220
5971,21
5972,21
5973,21
5974,21
5975,21
5976,21
5977,21
5978,21
